{
    "medias_norm": [
        0.7237963080406189,
        0.7378832101821899,
        0.7097190022468567
    ],
    "stds_norm": [
        1,
        1,
        1 
    ]
}